PageNum,URL,Rating,Date,Title,Review
1,https://www.amazon.com/Rain-Labs-Animal-Sounds/product-reviews/B01AHGU3M6/ref=cm_cr_arp_d_paging_btm_next_1?ie=UTF8&reviewerType=all_reviews&pageNumber=1,1.0 out of 5 stars,"Reviewed in the United States on May 1, 2020",She‚Äôs a Broken record,"Why does she have to say ‚ÄúI can imitate any animal you want‚Äù in between every single thing?? It‚Äôs VERY annoying, my friend‚Äôs google home you can just ask for an animal whenever. Please fix this nonsense."
1,https://www.amazon.com/Rain-Labs-Animal-Sounds/product-reviews/B01AHGU3M6/ref=cm_cr_arp_d_paging_btm_next_1?ie=UTF8&reviewerType=all_reviews&pageNumber=1,1.0 out of 5 stars,"Reviewed in the United States on February 4, 2020",lots of talking,used to be easy to make animal sounds - now they recommend this silly app - lots of talking - hard to use - few animals
1,https://www.amazon.com/Rain-Labs-Animal-Sounds/product-reviews/B01AHGU3M6/ref=cm_cr_arp_d_paging_btm_next_1?ie=UTF8&reviewerType=all_reviews&pageNumber=1,1.0 out of 5 stars,"Reviewed in the United States on January 21, 2020","Pointless, too much talking","Alexa used to just make animal sounds on command, now you have to use this skill? Alexa talks more than she makes animal sounds. This is terrible, just make the sounds when I ask so my toddler can hear an elephant!"
1,https://www.amazon.com/Rain-Labs-Animal-Sounds/product-reviews/B01AHGU3M6/ref=cm_cr_arp_d_paging_btm_next_1?ie=UTF8&reviewerType=all_reviews&pageNumber=1,2.0 out of 5 stars,"Reviewed in the United States on November 25, 2018",Used to be a good app,"I used to enjoy playing this app with my two toddlers at breakfast time. But something changed in the last few months and is now 90% of the game is listening to Alexa talking about what she can do. After every Single animal sound, Alexa restarts her spiel about how she can make an animal sound or play a guessing game."
1,https://www.amazon.com/Rain-Labs-Animal-Sounds/product-reviews/B01AHGU3M6/ref=cm_cr_arp_d_paging_btm_next_1?ie=UTF8&reviewerType=all_reviews&pageNumber=1,4.0 out of 5 stars,"Reviewed in the United States on June 8, 2019",Improved,"Great distraction for my toddler when my hands are full. They have added many sounds over the past six months and will also give suggestions for more animal sounds (including insects, sea animals and different kinds of birds) I don't like hearing the ad for the dinosaur extinction pack over and over.p"
1,https://www.amazon.com/Rain-Labs-Animal-Sounds/product-reviews/B01AHGU3M6/ref=cm_cr_arp_d_paging_btm_next_1?ie=UTF8&reviewerType=all_reviews&pageNumber=1,1.0 out of 5 stars,"Reviewed in the United States on April 11, 2020",Just play the sound.,"‚ÄúAlexa, ask aninal sounds what an elephant sounds like.‚Äù is too long to begin with and then Alexa says, ‚ÄúI don‚Äôt know that one. Would you like to open the app animal sounds?‚Äù And then the app animal sounds opens‚Ä¶ And there‚Äôs a whooooioole lot more to say. My two-year-old just wants to hear an elephant."
1,https://www.amazon.com/Rain-Labs-Animal-Sounds/product-reviews/B01AHGU3M6/ref=cm_cr_arp_d_paging_btm_next_1?ie=UTF8&reviewerType=all_reviews&pageNumber=1,1.0 out of 5 stars,"Reviewed in the United States on March 4, 2020",do they even user test it?,Great example on how to make something simple be unuseable.  See other 1-star reviews. Alexa keeps talking and taking ... shut her up!
1,https://www.amazon.com/Rain-Labs-Animal-Sounds/product-reviews/B01AHGU3M6/ref=cm_cr_arp_d_paging_btm_next_1?ie=UTF8&reviewerType=all_reviews&pageNumber=1,1.0 out of 5 stars,"Reviewed in the United States on January 5, 2020",Not good,"Half of the time it says you answered wrong or does not understand your answer. Gets really old shouting the correct answer over and over just to be told you're wrong and then the answer is exactly what you were saying. The sounds are ok, some of them are extremely obvious while others are really abstract, but not of thia matters when it doesnt work."
1,https://www.amazon.com/Rain-Labs-Animal-Sounds/product-reviews/B01AHGU3M6/ref=cm_cr_arp_d_paging_btm_next_1?ie=UTF8&reviewerType=all_reviews&pageNumber=1,1.0 out of 5 stars,"Reviewed in the United States on June 10, 2020",talks too much,way too much narration. it also would be great to just have a playlist of random animal sounds - my daughter just wants to hear the animalnoises without so much Alexa repetition and needing so much guidance from us. it also rarely understands the animal im asking for. I had to delete the app.
1,https://www.amazon.com/Rain-Labs-Animal-Sounds/product-reviews/B01AHGU3M6/ref=cm_cr_arp_d_paging_btm_next_1?ie=UTF8&reviewerType=all_reviews&pageNumber=1,4.0 out of 5 stars,"Reviewed in the United States on July 16, 2020",Exactly what we wanted,"we were hesitant to try this after reading other reviews..... but the other reviewers are a bit dramatic. This app did exactly what we wanted. we ask for animal noises and it plays the noise. The noise is about three to five seconds long. Perfect for my two year old‚Äôs attention span. Alexa offers the prompt in between each animal, which might be unessesary EACH time. but the app is better than nothing!"
2,https://www.amazon.com/Rain-Labs-Animal-Sounds/product-reviews/B01AHGU3M6/ref=cm_cr_arp_d_paging_btm_next_2?ie=UTF8&reviewerType=all_reviews&pageNumber=2,1.0 out of 5 stars,"Reviewed in the United States on January 29, 2020",terrible,i used to just ask alexa what sound a monkey makes and she would  do the sound. this app is terrible snd talke way to much and makes it much harder to just want to hear an animal noise.
2,https://www.amazon.com/Rain-Labs-Animal-Sounds/product-reviews/B01AHGU3M6/ref=cm_cr_arp_d_paging_btm_next_2?ie=UTF8&reviewerType=all_reviews&pageNumber=2,1.0 out of 5 stars,"Reviewed in the United States on December 24, 2017",One Star,"It makes more jet noises than animal noises. Just make the animal sounds, and stop talking."
2,https://www.amazon.com/Rain-Labs-Animal-Sounds/product-reviews/B01AHGU3M6/ref=cm_cr_arp_d_paging_btm_next_2?ie=UTF8&reviewerType=all_reviews&pageNumber=2,1.0 out of 5 stars,"Reviewed in the United States on February 13, 2020",had to pull the plug,I needed the App to go off it would not stop or go off. It kept making animal sounds I just pulled the plug.
2,https://www.amazon.com/Rain-Labs-Animal-Sounds/product-reviews/B01AHGU3M6/ref=cm_cr_arp_d_paging_btm_next_2?ie=UTF8&reviewerType=all_reviews&pageNumber=2,2.0 out of 5 stars,"Reviewed in the United States on May 23, 2020",talks too much!,I wish we could just ask ‚ÄúAlexa what does a dog say‚Äù? and she could throw a bark or two.. but she constantly speaks askig you what you want to do next! quite annoying so i eont be using this :(
2,https://www.amazon.com/Rain-Labs-Animal-Sounds/product-reviews/B01AHGU3M6/ref=cm_cr_arp_d_paging_btm_next_2?ie=UTF8&reviewerType=all_reviews&pageNumber=2,2.0 out of 5 stars,"Reviewed in the United States on January 29, 2020",disabled it after 5 minutes,"Way too chatty, always asks a follow-up"
2,https://www.amazon.com/Rain-Labs-Animal-Sounds/product-reviews/B01AHGU3M6/ref=cm_cr_arp_d_paging_btm_next_2?ie=UTF8&reviewerType=all_reviews&pageNumber=2,1.0 out of 5 stars,"Reviewed in the United States on March 24, 2020",Alexa doesnt shut up,Alexa doesnt stop asking what animal sound you want next and explaining every thing over and over. The worst.
2,https://www.amazon.com/Rain-Labs-Animal-Sounds/product-reviews/B01AHGU3M6/ref=cm_cr_arp_d_paging_btm_next_2?ie=UTF8&reviewerType=all_reviews&pageNumber=2,2.0 out of 5 stars,"Reviewed in the United States on April 19, 2020",just play the sounds,it is fun but the game isnt fun just play random sounds
2,https://www.amazon.com/Rain-Labs-Animal-Sounds/product-reviews/B01AHGU3M6/ref=cm_cr_arp_d_paging_btm_next_2?ie=UTF8&reviewerType=all_reviews&pageNumber=2,1.0 out of 5 stars,"Reviewed in the United States on February 19, 2020",Won't shut up!!,Incredibly annoying. Just keeps asking open ended questions
2,https://www.amazon.com/Rain-Labs-Animal-Sounds/product-reviews/B01AHGU3M6/ref=cm_cr_arp_d_paging_btm_next_2?ie=UTF8&reviewerType=all_reviews&pageNumber=2,1.0 out of 5 stars,"Reviewed in the United States on November 20, 2018",She has no clue as to how to make the sound of a goat,Alexa make the sound of a goat I've heard it described as a bleak making the sound of an old man singing a Taylor Swift song
2,https://www.amazon.com/Rain-Labs-Animal-Sounds/product-reviews/B01AHGU3M6/ref=cm_cr_arp_d_paging_btm_next_2?ie=UTF8&reviewerType=all_reviews&pageNumber=2,2.0 out of 5 stars,"Reviewed in the United States on January 22, 2020",not for young kids,too complicated for young kids.
3,https://www.amazon.com/Rain-Labs-Animal-Sounds/product-reviews/B01AHGU3M6/ref=cm_cr_arp_d_paging_btm_next_3?ie=UTF8&reviewerType=all_reviews&pageNumber=3,1.0 out of 5 stars,"Reviewed in the United States on February 11, 2020",terrible,terrible skill! this used to be easy and now this app makes it impossible to hear quick animal sounds
3,https://www.amazon.com/Rain-Labs-Animal-Sounds/product-reviews/B01AHGU3M6/ref=cm_cr_arp_d_paging_btm_next_3?ie=UTF8&reviewerType=all_reviews&pageNumber=3,1.0 out of 5 stars,"Reviewed in the United States on February 16, 2019",Can‚Äôt give parental permission,"The skill requires parental permission to use, but still asks for it even when permission is given. This makes the skill unusable."
3,https://www.amazon.com/Rain-Labs-Animal-Sounds/product-reviews/B01AHGU3M6/ref=cm_cr_arp_d_paging_btm_next_3?ie=UTF8&reviewerType=all_reviews&pageNumber=3,1.0 out of 5 stars,"Reviewed in the United States on May 12, 2020",I agree with thenother reviews,"Alexa talks way too much. Make it to where she doesnt say the same thing after each sound. Actually, she doesnt need to say anything."
3,https://www.amazon.com/Rain-Labs-Animal-Sounds/product-reviews/B01AHGU3M6/ref=cm_cr_arp_d_paging_btm_next_3?ie=UTF8&reviewerType=all_reviews&pageNumber=3,1.0 out of 5 stars,"Reviewed in the United States on February 27, 2020",The.  Worst.,"Alexa needs new algorythms.  Amazon needs to cut out the add ons, and have alexa simply reapond to a command vs talking for 3 minutes."
3,https://www.amazon.com/Rain-Labs-Animal-Sounds/product-reviews/B01AHGU3M6/ref=cm_cr_arp_d_paging_btm_next_3?ie=UTF8&reviewerType=all_reviews&pageNumber=3,1.0 out of 5 stars,"Reviewed in the United States on January 27, 2020",Alexa doesnt recognize this skill,Doesnt work
3,https://www.amazon.com/Rain-Labs-Animal-Sounds/product-reviews/B01AHGU3M6/ref=cm_cr_arp_d_paging_btm_next_3?ie=UTF8&reviewerType=all_reviews&pageNumber=3,5.0 out of 5 stars,"Reviewed in the United States on October 21, 2017",I don‚Äôt understand the bad reviews,"Mine works just fine and has a TON of sounds!!  My kids love it!!  Here are the sounds that I know work (& I know there are a lot more):  cow, horse, dog, cat, goat, sheep, pig, chicken, rooster, owl, frog, snake, parrot, parakeet, nightingale, butterfly, peacock, duck, geese, seagull, raccoon, seal, wolf, rhinoceros, crow, fox, camel, alligator, crocodile, zebra, dolphin, whale, lion, tiger, bear, coyote, hyena, monkey, gorilla, chimpanzee, cheetah, panther, bobcat, alpaca, penguin, cricket, elephant, leopard. There are a few that should be there but aren‚Äôt like a donkey and a hippopotamus. Anyway, the people that say there aren‚Äôt very many sounds just aren‚Äôt very creative in thinking of animals."
3,https://www.amazon.com/Rain-Labs-Animal-Sounds/product-reviews/B01AHGU3M6/ref=cm_cr_arp_d_paging_btm_next_3?ie=UTF8&reviewerType=all_reviews&pageNumber=3,1.0 out of 5 stars,"Reviewed in the United States on March 1, 2020",hacked or broken,"As others have said, Alexa won't stop talking in between animal sounds and continues making sounds without your input.  It's also virtually impossible to get the skill to stop; multiple times we said ""Alexa off,"" ""Alexa stop,"" etc. but each time she would make a farting noise at us and go back into her loop about how she can make any animal sound."
3,https://www.amazon.com/Rain-Labs-Animal-Sounds/product-reviews/B01AHGU3M6/ref=cm_cr_arp_d_paging_btm_next_3?ie=UTF8&reviewerType=all_reviews&pageNumber=3,1.0 out of 5 stars,"Reviewed in the United States on April 4, 2020",annoyling verbose,just shut up. why do you have to talk so much. why do you have to say the same thing over and over and over and over again. this could have been really fun. but instead its annoying because it say the same thing over and ovet and over again
3,https://www.amazon.com/Rain-Labs-Animal-Sounds/product-reviews/B01AHGU3M6/ref=cm_cr_arp_d_paging_btm_next_3?ie=UTF8&reviewerType=all_reviews&pageNumber=3,1.0 out of 5 stars,"Reviewed in the United States on April 19, 2020",alexa talks too much,just play what we want to hear. stop asking questions
3,https://www.amazon.com/Rain-Labs-Animal-Sounds/product-reviews/B01AHGU3M6/ref=cm_cr_arp_d_paging_btm_next_3?ie=UTF8&reviewerType=all_reviews&pageNumber=3,4.0 out of 5 stars,"Reviewed in the United States on September 6, 2016",Really fun skill to have if you have small children.,"Really fun for toddlers. My 3 yo has a lot of fun with it. Dropping one star for two issues: First, it still lacks many popular animals, e.g. kangaroo, camel. Second, found a bug with the sound of ""fox"" where it goes into a non-stop loop."
4,https://www.amazon.com/Rain-Labs-Animal-Sounds/product-reviews/B01AHGU3M6/ref=cm_cr_arp_d_paging_btm_next_4?ie=UTF8&reviewerType=all_reviews&pageNumber=4,1.0 out of 5 stars,"Reviewed in the United States on June 4, 2020",Sounds are way too short and alexa talks 5 times as much in between sounds,Sounds are way too short and alexa talks 5 times as much in between sounds
4,https://www.amazon.com/Rain-Labs-Animal-Sounds/product-reviews/B01AHGU3M6/ref=cm_cr_arp_d_paging_btm_next_4?ie=UTF8&reviewerType=all_reviews&pageNumber=4,1.0 out of 5 stars,"Reviewed in the United States on February 27, 2020",Used to love this skill.,"My toddler and I used to spend quite a bit of time asking alexa to play different animal sounds, and she still regularly asks to do it. but now we spend most of that time listening to Alexa talk and play airplane sounds for no reason. The intended audience of this skill is having an awful experience with it now, please change it back."
4,https://www.amazon.com/Rain-Labs-Animal-Sounds/product-reviews/B01AHGU3M6/ref=cm_cr_arp_d_paging_btm_next_4?ie=UTF8&reviewerType=all_reviews&pageNumber=4,1.0 out of 5 stars,"Reviewed in the United States on February 13, 2020",Terrible,Alexa wont stop talking
4,https://www.amazon.com/Rain-Labs-Animal-Sounds/product-reviews/B01AHGU3M6/ref=cm_cr_arp_d_paging_btm_next_4?ie=UTF8&reviewerType=all_reviews&pageNumber=4,1.0 out of 5 stars,"Reviewed in the United States on July 11, 2020",worse than amazons own echo ability to make animal sounds,keeps talking more than making animal sounds
4,https://www.amazon.com/Rain-Labs-Animal-Sounds/product-reviews/B01AHGU3M6/ref=cm_cr_arp_d_paging_btm_next_4?ie=UTF8&reviewerType=all_reviews&pageNumber=4,2.0 out of 5 stars,"Reviewed in the United States on March 2, 2020",annoying,"Just repeats the same instruction over and over. says ‚Äúi can either play a random animal sound for you to guess, or you can tell me.. which would you like me to do?‚Äù between each attempt to play one sound. trying to play for a toddler and no one wants to hear the words repeatedly."
4,https://www.amazon.com/Rain-Labs-Animal-Sounds/product-reviews/B01AHGU3M6/ref=cm_cr_arp_d_paging_btm_next_4?ie=UTF8&reviewerType=all_reviews&pageNumber=4,3.0 out of 5 stars,"Reviewed in the United States on April 10, 2020","Fun sounds, stick to the sounds","The sounds are fun, my kid loved them. But there's so much talking in between. I'd say if you want to still have the guessing game, split that out into it's own skill and make this still simple and fast to hear animal sounds."
4,https://www.amazon.com/Rain-Labs-Animal-Sounds/product-reviews/B01AHGU3M6/ref=cm_cr_arp_d_paging_btm_next_4?ie=UTF8&reviewerType=all_reviews&pageNumber=4,1.0 out of 5 stars,"Reviewed in the United States on March 1, 2020",wont shut up,it just says the same thing over and over
4,https://www.amazon.com/Rain-Labs-Animal-Sounds/product-reviews/B01AHGU3M6/ref=cm_cr_arp_d_paging_btm_next_4?ie=UTF8&reviewerType=all_reviews&pageNumber=4,1.0 out of 5 stars,"Reviewed in the United States on April 9, 2020",chatty chatty,"alexa stop talking! you ask for a basic sohnd, get a 2 second clip, then 2 minutes of her jibberish. disbaled within 5 minutes"
4,https://www.amazon.com/Rain-Labs-Animal-Sounds/product-reviews/B01AHGU3M6/ref=cm_cr_arp_d_paging_btm_next_4?ie=UTF8&reviewerType=all_reviews&pageNumber=4,1.0 out of 5 stars,"Reviewed in the United States on January 13, 2020",dumb app,I have no idea why this need perental permition and I have to go through 10 steps to get it but save yourself the headache and do not download this app.
4,https://www.amazon.com/Rain-Labs-Animal-Sounds/product-reviews/B01AHGU3M6/ref=cm_cr_arp_d_paging_btm_next_4?ie=UTF8&reviewerType=all_reviews&pageNumber=4,1.0 out of 5 stars,"Reviewed in the United States on November 7, 2016",&quot;You are not eligible to enable this skill due to geographical restrictions.&quot;,seriously???&quot;You are not eligible to enable this skill due to geographical restrictions.&quot;don't all lions speak the same language smh?
5,https://www.amazon.com/Rain-Labs-Animal-Sounds/product-reviews/B01AHGU3M6/ref=cm_cr_arp_d_paging_btm_next_5?ie=UTF8&reviewerType=all_reviews&pageNumber=5,4.0 out of 5 stars,"Reviewed in the United States on June 3, 2016",One of the intresting skill for kids,"This is a nice skill.I always play around with this with my 9 month old son. He enjoys a lot. Its a good to try skill for all those who have kids in their home.I have also noticed some improvements and new additions, however the skill wieredly exists sometimes which is strange.Overall a good skill."
5,https://www.amazon.com/Rain-Labs-Animal-Sounds/product-reviews/B01AHGU3M6/ref=cm_cr_arp_d_paging_btm_next_5?ie=UTF8&reviewerType=all_reviews&pageNumber=5,1.0 out of 5 stars,"Reviewed in the United States on March 18, 2020",turn off the instructions,you dont need to have Alexa give instructions after every animal sound played.
5,https://www.amazon.com/Rain-Labs-Animal-Sounds/product-reviews/B01AHGU3M6/ref=cm_cr_arp_d_paging_btm_next_5?ie=UTF8&reviewerType=all_reviews&pageNumber=5,1.0 out of 5 stars,"Reviewed in the United States on March 28, 2020",Overcomplicated,This function easily overcomplicates a simple request for an impatient child to hear an animal sound. I fail to see the logic in requiring additional steps for a sinple animal sound.
5,https://www.amazon.com/Rain-Labs-Animal-Sounds/product-reviews/B01AHGU3M6/ref=cm_cr_arp_d_paging_btm_next_5?ie=UTF8&reviewerType=all_reviews&pageNumber=5,3.0 out of 5 stars,"Reviewed in the United States on January 26, 2016",Great way to irritate a dog,"Here is the most fun way to use this app. A dog is necessary and sitting best Alexa.  Ask for wolf, dog or coyote sounds and watch your dog react. Very funny. But I agree some sounds are too low or too brief"
5,https://www.amazon.com/Rain-Labs-Animal-Sounds/product-reviews/B01AHGU3M6/ref=cm_cr_arp_d_paging_btm_next_5?ie=UTF8&reviewerType=all_reviews&pageNumber=5,1.0 out of 5 stars,"Reviewed in the United States on March 1, 2020",Awful.,"You used to be able to ask her to make a sound, and she would simply make the sound. Now she continues to say the same annoying things over and over and over and over and over again."
5,https://www.amazon.com/Rain-Labs-Animal-Sounds/product-reviews/B01AHGU3M6/ref=cm_cr_arp_d_paging_btm_next_5?ie=UTF8&reviewerType=all_reviews&pageNumber=5,2.0 out of 5 stars,"Reviewed in the United States on January 24, 2020",Doesnt work properly,SKIP THIS SKILL.
5,https://www.amazon.com/Rain-Labs-Animal-Sounds/product-reviews/B01AHGU3M6/ref=cm_cr_arp_d_paging_btm_next_5?ie=UTF8&reviewerType=all_reviews&pageNumber=5,1.0 out of 5 stars,"Reviewed in the United States on November 23, 2019",does not accept my credit card security number,dosen't work wont accept creditcard security number
5,https://www.amazon.com/Rain-Labs-Animal-Sounds/product-reviews/B01AHGU3M6/ref=cm_cr_arp_d_paging_btm_next_5?ie=UTF8&reviewerType=all_reviews&pageNumber=5,2.0 out of 5 stars,"Reviewed in the United States on January 11, 2016",A long way to go.,"Has a long way to go, many animal named didn't have sounds.  Some sounds were too short or a lower volume.  Kids really like it but seems like a beta item."
5,https://www.amazon.com/Rain-Labs-Animal-Sounds/product-reviews/B01AHGU3M6/ref=cm_cr_arp_d_paging_btm_next_5?ie=UTF8&reviewerType=all_reviews&pageNumber=5,1.0 out of 5 stars,"Reviewed in the United States on November 15, 2019",permission,Cannot give permission
5,https://www.amazon.com/Rain-Labs-Animal-Sounds/product-reviews/B01AHGU3M6/ref=cm_cr_arp_d_paging_btm_next_5?ie=UTF8&reviewerType=all_reviews&pageNumber=5,3.0 out of 5 stars,"Reviewed in the United States on January 22, 2016","Needs work, but good idea.","Great Idea, but it definitely needs some work. Like others have said it needs a better variety of animals sounds. Also it would be nice to see a list of the animals there are sounds for."
6,https://www.amazon.com/Rain-Labs-Animal-Sounds/product-reviews/B01AHGU3M6/ref=cm_cr_arp_d_paging_btm_next_6?ie=UTF8&reviewerType=all_reviews&pageNumber=6,1.0 out of 5 stars,"Reviewed in the United States on June 9, 2019",can't give permission,"even after giving permission, Alexa kerps asking me to give permission"
6,https://www.amazon.com/Rain-Labs-Animal-Sounds/product-reviews/B01AHGU3M6/ref=cm_cr_arp_d_paging_btm_next_6?ie=UTF8&reviewerType=all_reviews&pageNumber=6,1.0 out of 5 stars,"Reviewed in the United States on September 23, 2017",Fail,"Most sounds don't work, the few that do are lousy. Too bad you have to give a star to submit a review. Uninstalled within 2 minutes."
6,https://www.amazon.com/Rain-Labs-Animal-Sounds/product-reviews/B01AHGU3M6/ref=cm_cr_arp_d_paging_btm_next_6?ie=UTF8&reviewerType=all_reviews&pageNumber=6,1.0 out of 5 stars,"Reviewed in the United States on June 20, 2020",awful- just wanted animal sounds for the dog to drain fireworks,"We wanted alexa to play sounds to make the dog comfortable during the fireworks every night. This is a game, dont bother. We will go back to nature sounds/frog sounds."
6,https://www.amazon.com/Rain-Labs-Animal-Sounds/product-reviews/B01AHGU3M6/ref=cm_cr_arp_d_paging_btm_next_6?ie=UTF8&reviewerType=all_reviews&pageNumber=6,5.0 out of 5 stars,"Reviewed in the United States on January 13, 2020",A silly app with fun information,My son loves to hear animal noises. (He also loves truck and plane noises.) The tour of the world listening to animal noises and facts made his day.
6,https://www.amazon.com/Rain-Labs-Animal-Sounds/product-reviews/B01AHGU3M6/ref=cm_cr_arp_d_paging_btm_next_6?ie=UTF8&reviewerType=all_reviews&pageNumber=6,1.0 out of 5 stars,"Reviewed in the United States on June 16, 2020",shorts sounds & innacuate sounds & talks too much,bad
6,https://www.amazon.com/Rain-Labs-Animal-Sounds/product-reviews/B01AHGU3M6/ref=cm_cr_arp_d_paging_btm_next_6?ie=UTF8&reviewerType=all_reviews&pageNumber=6,1.0 out of 5 stars,"Reviewed in the United States on April 30, 2020",could be good but alexa talks WAY TOO MUCH,after every single command alexa repeats the same very long explaintion of what the skill can do.
6,https://www.amazon.com/Rain-Labs-Animal-Sounds/product-reviews/B01AHGU3M6/ref=cm_cr_arp_d_paging_btm_next_6?ie=UTF8&reviewerType=all_reviews&pageNumber=6,1.0 out of 5 stars,"Reviewed in the United States on July 10, 2020",I can imitate any animal sound you want or i can make a random animal sound and you can guess the animal,"if anyone has used this, they know what the title means. Absolutely frustrating to use with the unneeded narration in between every sound."
6,https://www.amazon.com/Rain-Labs-Animal-Sounds/product-reviews/B01AHGU3M6/ref=cm_cr_arp_d_paging_btm_next_6?ie=UTF8&reviewerType=all_reviews&pageNumber=6,3.0 out of 5 stars,"Reviewed in the United States on January 15, 2016",Fun needs improvement,"Fun, could use some improvement. Doesn't really understand lion well, some of the animal noises are super short or super quiet."
6,https://www.amazon.com/Rain-Labs-Animal-Sounds/product-reviews/B01AHGU3M6/ref=cm_cr_arp_d_paging_btm_next_6?ie=UTF8&reviewerType=all_reviews&pageNumber=6,4.0 out of 5 stars,"Reviewed in the United States on May 1, 2016","Try ""fox""","The fox sound lasts forever. Otherwise, pretty good.The users who claim dog, cat, sheep didn't work, used an old version."
6,https://www.amazon.com/Rain-Labs-Animal-Sounds/product-reviews/B01AHGU3M6/ref=cm_cr_arp_d_paging_btm_next_6?ie=UTF8&reviewerType=all_reviews&pageNumber=6,1.0 out of 5 stars,"Reviewed in the United States on May 23, 2020",too much repitition,it repeats the same phrases after every sound. super duper unnecessary.
7,https://www.amazon.com/Rain-Labs-Animal-Sounds/product-reviews/B01AHGU3M6/ref=cm_cr_arp_d_paging_btm_next_7?ie=UTF8&reviewerType=all_reviews&pageNumber=7,5.0 out of 5 stars,"Reviewed in the United States on January 13, 2016",Fun little skill!,Fun! My kids love it!
7,https://www.amazon.com/Rain-Labs-Animal-Sounds/product-reviews/B01AHGU3M6/ref=cm_cr_arp_d_paging_btm_next_7?ie=UTF8&reviewerType=all_reviews&pageNumber=7,1.0 out of 5 stars,"Reviewed in the United States on January 19, 2020","Not enough Animals for ""animal sounds""","My nephew wants animal sounds, not airplane sounds. This is more of a bad travel simulator than an animal sounds skill."
7,https://www.amazon.com/Rain-Labs-Animal-Sounds/product-reviews/B01AHGU3M6/ref=cm_cr_arp_d_paging_btm_next_7?ie=UTF8&reviewerType=all_reviews&pageNumber=7,2.0 out of 5 stars,"Reviewed in the United States on April 9, 2016",Frequently doesn't work,"Missing/not recognize  many animal names. Very frequently we don't get animal sounds. Just says, ""I haven't met that animal yet""."
7,https://www.amazon.com/Rain-Labs-Animal-Sounds/product-reviews/B01AHGU3M6/ref=cm_cr_arp_d_paging_btm_next_7?ie=UTF8&reviewerType=all_reviews&pageNumber=7,5.0 out of 5 stars,"Reviewed in the United States on July 16, 2016",Fun.,"Needs to learn a few more, but I don't even know what sound platypus makes either!"
7,https://www.amazon.com/Rain-Labs-Animal-Sounds/product-reviews/B01AHGU3M6/ref=cm_cr_arp_d_paging_btm_next_7?ie=UTF8&reviewerType=all_reviews&pageNumber=7,1.0 out of 5 stars,"Reviewed in the United States on December 28, 2019",will not enable,it will not allow me to gove permission
7,https://www.amazon.com/Rain-Labs-Animal-Sounds/product-reviews/B01AHGU3M6/ref=cm_cr_arp_d_paging_btm_next_7?ie=UTF8&reviewerType=all_reviews&pageNumber=7,1.0 out of 5 stars,"Reviewed in the United States on October 16, 2017",Doesn't work,"The skill never worked.  I asked several times, in a variety of ways and it kept telling me the sound was unavailable."
7,https://www.amazon.com/Rain-Labs-Animal-Sounds/product-reviews/B01AHGU3M6/ref=cm_cr_arp_d_paging_btm_next_7?ie=UTF8&reviewerType=all_reviews&pageNumber=7,2.0 out of 5 stars,"Reviewed in the United States on April 16, 2020",bad,to much trouble. just play the dang sound
7,https://www.amazon.com/Rain-Labs-Animal-Sounds/product-reviews/B01AHGU3M6/ref=cm_cr_arp_d_paging_btm_next_7?ie=UTF8&reviewerType=all_reviews&pageNumber=7,1.0 out of 5 stars,"Reviewed in the United States on March 8, 2020",junk,waste of a feature
7,https://www.amazon.com/Rain-Labs-Animal-Sounds/product-reviews/B01AHGU3M6/ref=cm_cr_arp_d_paging_btm_next_7?ie=UTF8&reviewerType=all_reviews&pageNumber=7,2.0 out of 5 stars,"Reviewed in the United States on March 30, 2016",Needs work,Fun and great quality sounds when it works. But it's super buggy and hard to work with.
7,https://www.amazon.com/Rain-Labs-Animal-Sounds/product-reviews/B01AHGU3M6/ref=cm_cr_arp_d_paging_btm_next_7?ie=UTF8&reviewerType=all_reviews&pageNumber=7,4.0 out of 5 stars,"Reviewed in the United States on January 14, 2016",Good laugh without visiting the zoo,Loved it!  Made me laugh and maybe useful it can be a guessing game to know what animals are available.
8,https://www.amazon.com/Rain-Labs-Animal-Sounds/product-reviews/B01AHGU3M6/ref=cm_cr_arp_d_paging_btm_next_8?ie=UTF8&reviewerType=all_reviews&pageNumber=8,2.0 out of 5 stars,"Reviewed in the United States on November 11, 2017",Can't get it to accept permission to use for my dog.  I don't have kids,Yttt
8,https://www.amazon.com/Rain-Labs-Animal-Sounds/product-reviews/B01AHGU3M6/ref=cm_cr_arp_d_paging_btm_next_8?ie=UTF8&reviewerType=all_reviews&pageNumber=8,1.0 out of 5 stars,"Reviewed in the United States on August 6, 2019",Parental permission is not working,Keeps asking for parental permission after this permission is given . This way the app is useless.
8,https://www.amazon.com/Rain-Labs-Animal-Sounds/product-reviews/B01AHGU3M6/ref=cm_cr_arp_d_paging_btm_next_8?ie=UTF8&reviewerType=all_reviews&pageNumber=8,2.0 out of 5 stars,"Reviewed in the United States on January 29, 2016",Didn't know any animal sounds,"Did not know any of the animal sounds, even the ones alexa said she knew."
8,https://www.amazon.com/Rain-Labs-Animal-Sounds/product-reviews/B01AHGU3M6/ref=cm_cr_arp_d_paging_btm_next_8?ie=UTF8&reviewerType=all_reviews&pageNumber=8,1.0 out of 5 stars,"Reviewed in the United States on May 24, 2017",Skill unavailable - disappointing!,You need to fix skill or remove from available skills listing. So disappointing!
8,https://www.amazon.com/Rain-Labs-Animal-Sounds/product-reviews/B01AHGU3M6/ref=cm_cr_arp_d_paging_btm_next_8?ie=UTF8&reviewerType=all_reviews&pageNumber=8,1.0 out of 5 stars,"Reviewed in the United States on March 19, 2016",BORING!,"Stupid sounds, improvements needed for this dumb skill!"
8,https://www.amazon.com/Rain-Labs-Animal-Sounds/product-reviews/B01AHGU3M6/ref=cm_cr_arp_d_paging_btm_next_8?ie=UTF8&reviewerType=all_reviews&pageNumber=8,1.0 out of 5 stars,"Reviewed in the United States on May 21, 2017",Dumb,Says skill not available üôÑ
8,https://www.amazon.com/Rain-Labs-Animal-Sounds/product-reviews/B01AHGU3M6/ref=cm_cr_arp_d_paging_btm_next_8?ie=UTF8&reviewerType=all_reviews&pageNumber=8,2.0 out of 5 stars,"Reviewed in the United States on March 5, 2016",Has potential......but.....,NEEDS MORE ANIMAL SOUNDS!!!! Send Alexa to the zoo already!!!
8,https://www.amazon.com/Rain-Labs-Animal-Sounds/product-reviews/B01AHGU3M6/ref=cm_cr_arp_d_paging_btm_next_8?ie=UTF8&reviewerType=all_reviews&pageNumber=8,5.0 out of 5 stars,"Reviewed in the United States on April 8, 2016",Simple and Fun,My nephew loves this! Alexa doesn't always understand him but the skill has a lot of animals. Sometimes I have a hard time thinking of another animal. A simple and fun skill even if it doesn't have much practical use.
8,https://www.amazon.com/Rain-Labs-Animal-Sounds/product-reviews/B01AHGU3M6/ref=cm_cr_arp_d_paging_btm_next_8?ie=UTF8&reviewerType=all_reviews&pageNumber=8,1.0 out of 5 stars,"Reviewed in the United States on September 26, 2016",Did not work!,Not even once.
8,https://www.amazon.com/Rain-Labs-Animal-Sounds/product-reviews/B01AHGU3M6/ref=cm_cr_arp_d_paging_btm_next_8?ie=UTF8&reviewerType=all_reviews&pageNumber=8,3.0 out of 5 stars,"Reviewed in the United States on February 12, 2016",Needs more top shelf critters,"Fun, but missing bears, sheep, monkey, and more top shelf critters."
9,https://www.amazon.com/Rain-Labs-Animal-Sounds/product-reviews/B01AHGU3M6/ref=cm_cr_arp_d_paging_btm_next_9?ie=UTF8&reviewerType=all_reviews&pageNumber=9,2.0 out of 5 stars,"Reviewed in the United States on December 28, 2019",i dont feel giving out my card stuff if i dont want to,disagree
9,https://www.amazon.com/Rain-Labs-Animal-Sounds/product-reviews/B01AHGU3M6/ref=cm_cr_arp_d_paging_btm_next_9?ie=UTF8&reviewerType=all_reviews&pageNumber=9,1.0 out of 5 stars,"Reviewed in the United States on February 22, 2020",just play animal sounds,"wont shut up, just says the same words over and over"
9,https://www.amazon.com/Rain-Labs-Animal-Sounds/product-reviews/B01AHGU3M6/ref=cm_cr_arp_d_paging_btm_next_9?ie=UTF8&reviewerType=all_reviews&pageNumber=9,1.0 out of 5 stars,"Reviewed in the United States on April 30, 2016",Try again,Awful. It doesn't work.
9,https://www.amazon.com/Rain-Labs-Animal-Sounds/product-reviews/B01AHGU3M6/ref=cm_cr_arp_d_paging_btm_next_9?ie=UTF8&reviewerType=all_reviews&pageNumber=9,1.0 out of 5 stars,"Reviewed in the United States on January 24, 2016",Missing many animals,It can't even do a dog or cat or bunny. Come on.
9,https://www.amazon.com/Rain-Labs-Animal-Sounds/product-reviews/B01AHGU3M6/ref=cm_cr_arp_d_paging_btm_next_9?ie=UTF8&reviewerType=all_reviews&pageNumber=9,1.0 out of 5 stars,"Reviewed in the United States on January 12, 2016",Infantile,"It's easy to see many users are simply children with little imagination. Animal sounds, farts, get a life."
9,https://www.amazon.com/Rain-Labs-Animal-Sounds/product-reviews/B01AHGU3M6/ref=cm_cr_arp_d_paging_btm_next_9?ie=UTF8&reviewerType=all_reviews&pageNumber=9,1.0 out of 5 stars,"Reviewed in the United States on January 15, 2016",Forget about it.,Does not work on my device.
